2,2,2,4,28,28,128,32,0.221248,0.373472,512,50176,2,39,3,3
2,2,4,4,28,28,128,32,0.246720,0.370880,512,25088,2,41,3,3
2,3,2,4,28,28,128,32,0.194112,0.369504,512,35840,2,39,3,3
2,3,4,4,28,28,128,32,0.224512,0.360608,512,17920,2,39,3,3
2,4,2,4,28,28,128,32,0.168512,0.371488,512,25088,2,39,3,3
2,4,4,4,28,28,128,32,0.209792,0.368672,512,12544,2,39,3,3
2,5,2,4,28,28,128,32,0.158976,0.372064,512,21504,2,39,3,3
2,5,4,4,28,28,128,32,0.202976,0.377056,512,10752,2,39,3,3
2,6,2,4,28,28,128,32,0.152192,0.375424,512,17920,2,35,3,3
2,6,4,4,28,28,128,32,0.200544,0.370688,512,8960,2,35,3,3
2,7,2,4,28,28,128,32,0.146080,0.370016,512,14336,2,37,3,3
2,7,4,4,28,28,128,32,0.196576,0.371520,512,7168,2,37,3,3
3,2,2,4,28,28,128,32,0.192512,0.368384,512,35840,2,39,3,3
3,2,4,4,28,28,128,32,0.227072,0.365024,512,17920,2,39,3,3
3,3,2,4,28,28,128,32,0.169728,0.366592,512,25600,2,41,3,3
3,3,4,4,28,28,128,32,0.211456,0.375680,512,12800,2,41,3,3
3,4,2,4,28,28,128,32,0.149888,0.360032,512,17920,2,38,3,3
3,4,4,4,28,28,128,32,0.201024,0.370240,512,8960,2,38,3,3
3,5,2,4,28,28,128,32,0.145856,0.382272,512,15360,2,41,3,3
3,5,4,4,28,28,128,32,0.195744,0.370720,512,7680,2,40,3,3
3,6,2,4,28,28,128,32,0.145440,0.371072,512,12800,2,47,3,3
3,6,4,4,28,28,128,32,0.193568,0.369600,512,6400,2,47,3,3
3,7,2,4,28,28,128,32,0.137792,0.370752,512,10240,2,46,3,3
3,7,4,4,28,28,128,32,0.192832,0.374848,512,5120,2,46,3,3
4,2,2,4,28,28,128,32,0.168608,0.366528,512,25088,2,38,3,3
4,2,4,4,28,28,128,32,0.208256,0.369824,512,12544,2,38,3,3
4,3,2,4,28,28,128,32,0.149184,0.365504,512,17920,2,37,3,3
4,3,4,4,28,28,128,32,0.198112,0.375776,512,8960,2,37,3,3
4,4,2,4,28,28,128,32,0.135552,0.367584,512,12544,2,42,3,3
4,4,4,4,28,28,128,32,0.187392,0.371360,512,6272,2,42,3,3
4,5,2,4,28,28,128,32,0.134400,0.368672,512,10752,2,47,3,3
4,5,4,4,28,28,128,32,0.191808,0.376864,512,5376,2,45,3,3
4,6,2,4,28,28,128,32,0.134112,0.373344,512,8960,2,47,3,3
4,6,4,4,28,28,128,32,0.197024,0.375040,512,4480,2,47,3,3
4,7,2,4,28,28,128,32,0.129088,0.370624,512,7168,2,50,3,3
4,7,4,4,28,28,128,32,0.198400,0.370048,512,3584,2,50,3,3
5,2,2,4,28,28,128,32,0.161280,0.370976,512,21504,2,39,3,3
5,2,4,4,28,28,128,32,0.204224,0.375584,512,10752,2,39,3,3
5,3,2,4,28,28,128,32,0.145184,0.363232,512,15360,2,41,3,3
5,3,4,4,28,28,128,32,0.197152,0.366976,512,7680,2,40,3,3
5,4,2,4,28,28,128,32,0.136672,0.370080,512,10752,2,46,3,3
5,4,4,4,28,28,128,32,0.191616,0.367776,512,5376,2,46,3,3
5,5,2,4,28,28,128,32,0.136256,0.371936,512,9216,2,48,3,3
5,5,4,4,28,28,128,32,0.198400,0.369376,512,4608,2,48,3,3
5,6,2,4,28,28,128,32,0.137792,0.371168,512,7680,2,54,3,3
5,6,4,4,28,28,128,32,0.196352,0.373056,512,3840,2,54,3,3
5,7,2,4,28,28,128,32,0.141376,0.363040,512,6144,2,64,3,3
5,7,4,4,28,28,128,32,0.187648,0.367360,512,3072,2,64,3,3
6,2,2,4,28,28,128,32,0.154816,0.371072,512,17920,2,37,3,3
6,2,4,4,28,28,128,32,0.206880,0.370144,512,8960,2,37,3,3
6,3,2,4,28,28,128,32,0.146720,0.368224,512,12800,2,43,3,3
6,3,4,4,28,28,128,32,0.199584,0.366336,512,6400,2,43,3,3
6,4,2,4,28,28,128,32,0.135456,0.361984,512,8960,2,47,3,3
6,4,4,4,28,28,128,32,0.191360,0.374752,512,4480,2,47,3,3
6,5,2,4,28,28,128,32,0.136032,0.372672,512,7680,2,54,3,3
6,5,4,4,28,28,128,32,0.199904,0.371360,512,3840,2,54,3,3
6,6,2,4,28,28,128,32,0.147104,0.370720,512,6400,2,64,3,3
6,6,4,4,28,28,128,32,0.194816,0.373280,512,3200,2,64,3,3
6,7,2,4,28,28,128,32,0.152064,0.362912,512,5120,2,62,3,3
6,7,4,4,28,28,128,32,0.209088,0.368320,512,2560,2,61,3,3
7,2,2,4,28,28,128,32,0.143392,0.371744,512,14336,2,38,3,3
7,2,4,4,28,28,128,32,0.195648,0.366560,512,7168,2,37,3,3
7,3,2,4,28,28,128,32,0.135680,0.370464,512,10240,2,46,3,3
7,3,4,4,28,28,128,32,0.189152,0.369248,512,5120,2,46,3,3
7,4,2,4,28,28,128,32,0.126976,0.364096,512,7168,2,52,3,3
7,4,4,4,28,28,128,32,0.198432,0.372160,512,3584,2,52,3,3
7,5,2,4,28,28,128,32,0.140800,0.377856,512,6144,2,62,3,3
7,5,4,4,28,28,128,32,0.186080,0.366208,512,3072,2,62,3,3
7,6,2,4,28,28,128,32,0.150496,0.365920,512,5120,2,62,3,3
7,6,4,4,28,28,128,32,0.214464,0.362560,512,2560,2,61,3,3
7,7,2,4,28,28,128,32,0.158656,0.366112,512,4096,1,70,3,3
7,7,4,4,28,28,128,32,0.193088,0.371936,512,2048,1,70,3,3
2,2,2,4,56,56,128,32,0.856992,0.344352,512,200704,2,39,3,3
2,2,4,4,56,56,128,32,0.951936,0.344224,512,100352,2,41,3,3
2,3,2,4,56,56,128,32,0.720224,0.341984,512,136192,2,39,3,3
2,3,4,4,56,56,128,32,0.847616,0.343200,512,68096,2,39,3,3
2,4,2,4,56,56,128,32,0.637408,0.348160,512,100352,2,38,3,3
2,4,4,4,56,56,128,32,0.789792,0.348256,512,50176,2,38,3,3
2,5,2,4,56,56,128,32,0.603584,0.346720,512,86016,2,39,3,3
2,5,4,4,56,56,128,32,0.767264,0.343648,512,43008,2,39,3,3
2,6,2,4,56,56,128,32,0.572416,0.347936,512,71680,2,35,3,3
2,6,4,4,56,56,128,32,0.749728,0.345888,512,35840,2,35,3,3
2,7,2,4,56,56,128,32,0.538304,0.358016,512,57344,2,37,3,3
2,7,4,4,56,56,128,32,0.726464,0.344736,512,28672,2,37,3,3
3,2,2,4,56,56,128,32,0.718432,0.349952,512,136192,2,39,3,3
3,2,4,4,56,56,128,32,0.848512,0.341248,512,68096,2,39,3,3
3,3,2,4,56,56,128,32,0.609984,0.340224,512,92416,2,41,3,3
3,3,4,4,56,56,128,32,0.773024,0.339040,512,46208,2,41,3,3
3,4,2,4,56,56,128,32,0.547136,0.345472,512,68096,2,39,3,3
3,4,4,4,56,56,128,32,0.732512,0.345120,512,34048,2,39,3,3
3,5,2,4,56,56,128,32,0.531360,0.354944,512,58368,2,41,3,3
3,5,4,4,56,56,128,32,0.719168,0.336448,512,29184,2,40,3,3
3,6,2,4,56,56,128,32,0.510816,0.343232,512,48640,2,47,3,3
3,6,4,4,56,56,128,32,0.706592,0.344288,512,24320,2,47,3,3
3,7,2,4,56,56,128,32,0.487520,0.344224,512,38912,2,46,3,3
3,7,4,4,56,56,128,32,0.690176,0.350400,512,19456,2,46,3,3
4,2,2,4,56,56,128,32,0.638784,0.344384,512,100352,2,38,3,3
4,2,4,4,56,56,128,32,0.789280,0.345792,512,50176,2,38,3,3
4,3,2,4,56,56,128,32,0.547296,0.343104,512,68096,2,37,3,3
4,3,4,4,56,56,128,32,0.728448,0.353408,512,34048,2,37,3,3
4,4,2,4,56,56,128,32,0.501120,0.345056,512,50176,2,45,3,3
4,4,4,4,56,56,128,32,0.694112,0.340448,512,25088,2,45,3,3
4,5,2,4,56,56,128,32,0.490592,0.341376,512,43008,2,47,3,3
4,5,4,4,56,56,128,32,0.689120,0.348288,512,21504,2,45,3,3
4,6,2,4,56,56,128,32,0.475456,0.345024,512,35840,2,47,3,3
4,6,4,4,56,56,128,32,0.684608,0.345376,512,17920,2,47,3,3
4,7,2,4,56,56,128,32,0.466080,0.339936,512,28672,2,50,3,3
4,7,4,4,56,56,128,32,0.667552,0.350144,512,14336,2,50,3,3
5,2,2,4,56,56,128,32,0.612640,0.341216,512,86016,2,39,3,3
5,2,4,4,56,56,128,32,0.772480,0.350048,512,43008,2,39,3,3
5,3,2,4,56,56,128,32,0.530688,0.352832,512,58368,2,41,3,3
5,3,4,4,56,56,128,32,0.718272,0.351968,512,29184,2,40,3,3
5,4,2,4,56,56,128,32,0.492800,0.353216,512,43008,2,47,3,3
5,4,4,4,56,56,128,32,0.696640,0.346976,512,21504,2,47,3,3
5,5,2,4,56,56,128,32,0.486336,0.338976,512,36864,2,48,3,3
5,5,4,4,56,56,128,32,0.691808,0.344896,512,18432,2,48,3,3
5,6,2,4,56,56,128,32,0.476512,0.345024,512,30720,2,54,3,3
5,6,4,4,56,56,128,32,0.673280,0.345024,512,15360,2,54,3,3
5,7,2,4,56,56,128,32,0.503488,0.347136,512,24576,2,64,3,3
5,7,4,4,56,56,128,32,0.677920,0.347648,512,12288,2,64,3,3
6,2,2,4,56,56,128,32,0.569568,0.343040,512,71680,2,34,3,3
6,2,4,4,56,56,128,32,0.750816,0.341952,512,35840,2,35,3,3
6,3,2,4,56,56,128,32,0.511808,0.352640,512,48640,2,43,3,3
6,3,4,4,56,56,128,32,0.704320,0.340480,512,24320,2,43,3,3
6,4,2,4,56,56,128,32,0.475360,0.341152,512,35840,2,47,3,3
6,4,4,4,56,56,128,32,0.679904,0.341312,512,17920,2,47,3,3
6,5,2,4,56,56,128,32,0.474656,0.341568,512,30720,2,52,3,3
6,5,4,4,56,56,128,32,0.675808,0.347552,512,15360,2,52,3,3
6,6,2,4,56,56,128,32,0.505632,0.347008,512,25600,2,64,3,3
6,6,4,4,56,56,128,32,0.669888,0.343552,512,12800,2,64,3,3
6,7,2,4,56,56,128,32,0.511520,0.342784,512,20480,2,62,3,3
6,7,4,4,56,56,128,32,0.669056,0.344384,512,10240,2,61,3,3
7,2,2,4,56,56,128,32,0.538432,0.345664,512,57344,2,36,3,3
7,2,4,4,56,56,128,32,0.726464,0.342976,512,28672,2,36,3,3
7,3,2,4,56,56,128,32,0.483904,0.344480,512,38912,2,46,3,3
7,3,4,4,56,56,128,32,0.683680,0.340224,512,19456,2,47,3,3
7,4,2,4,56,56,128,32,0.458368,0.340544,512,28672,2,52,3,3
7,4,4,4,56,56,128,32,0.669184,0.346016,512,14336,2,52,3,3
7,5,2,4,56,56,128,32,0.491136,0.340160,512,24576,2,62,3,3
7,5,4,4,56,56,128,32,0.670112,0.344384,512,12288,2,62,3,3
7,6,2,4,56,56,128,32,0.508960,0.346528,512,20480,2,62,3,3
7,6,4,4,56,56,128,32,0.666464,0.343456,512,10240,2,61,3,3
7,7,2,4,56,56,128,32,0.563616,0.340768,512,16384,1,70,3,3
7,7,4,4,56,56,128,32,0.722720,0.339648,512,8192,1,70,3,3
2,2,2,8,28,28,128,32,0.433664,0.454400,512,100352,2,39,3,3
2,2,4,8,28,28,128,32,0.477312,0.454720,512,50176,2,41,3,3
2,3,2,8,28,28,128,32,0.375360,0.454624,512,71680,2,39,3,3
2,3,4,8,28,28,128,32,0.432512,0.454656,512,35840,2,39,3,3
2,4,2,8,28,28,128,32,0.322528,0.455232,512,50176,2,39,3,3
2,4,4,8,28,28,128,32,0.398016,0.454432,512,25088,2,39,3,3
2,5,2,8,28,28,128,32,0.305568,0.455232,512,43008,2,39,3,3
2,5,4,8,28,28,128,32,0.389952,0.455008,512,21504,2,39,3,3
2,6,2,8,28,28,128,32,0.288192,0.454944,512,35840,2,35,3,3
2,6,4,8,28,28,128,32,0.378976,0.455072,512,17920,2,35,3,3
2,7,2,8,28,28,128,32,0.273440,0.455136,512,28672,2,37,3,3
2,7,4,8,28,28,128,32,0.371168,0.455584,512,14336,2,37,3,3
3,2,2,8,28,28,128,32,0.376288,0.454688,512,71680,2,39,3,3
3,2,4,8,28,28,128,32,0.434368,0.454560,512,35840,2,39,3,3
3,3,2,8,28,28,128,32,0.325856,0.454752,512,51200,2,41,3,3
3,3,4,8,28,28,128,32,0.402048,0.454944,512,25600,2,41,3,3
3,4,2,8,28,28,128,32,0.284032,0.454656,512,35840,2,38,3,3
3,4,4,8,28,28,128,32,0.375104,0.455488,512,17920,2,38,3,3
3,5,2,8,28,28,128,32,0.276128,0.453120,512,30720,2,41,3,3
3,5,4,8,28,28,128,32,0.372512,0.453920,512,15360,2,40,3,3
3,6,2,8,28,28,128,32,0.268448,0.454496,512,25600,2,47,3,3
3,6,4,8,28,28,128,32,0.366880,0.455712,512,12800,2,47,3,3
3,7,2,8,28,28,128,32,0.254784,0.454400,512,20480,2,46,3,3
3,7,4,8,28,28,128,32,0.356000,0.454560,512,10240,2,46,3,3
4,2,2,8,28,28,128,32,0.322592,0.454208,512,50176,2,38,3,3
4,2,4,8,28,28,128,32,0.394464,0.455520,512,25088,2,38,3,3
4,3,2,8,28,28,128,32,0.282400,0.454560,512,35840,2,37,3,3
4,3,4,8,28,28,128,32,0.373696,0.454368,512,17920,2,37,3,3
4,4,2,8,28,28,128,32,0.257696,0.453920,512,25088,2,42,3,3
4,4,4,8,28,28,128,32,0.351008,0.453984,512,12544,2,42,3,3
4,5,2,8,28,28,128,32,0.251648,0.454240,512,21504,2,47,3,3
4,5,4,8,28,28,128,32,0.348736,0.454944,512,10752,2,47,3,3
4,6,2,8,28,28,128,32,0.243072,0.455040,512,17920,2,47,3,3
4,6,4,8,28,28,128,32,0.352224,0.454720,512,8960,2,47,3,3
4,7,2,8,28,28,128,32,0.239584,0.453856,512,14336,2,50,3,3
4,7,4,8,28,28,128,32,0.344864,0.454464,512,7168,2,50,3,3
5,2,2,8,28,28,128,32,0.305280,0.454368,512,43008,2,39,3,3
5,2,4,8,28,28,128,32,0.388800,0.454880,512,21504,2,39,3,3
5,3,2,8,28,28,128,32,0.276256,0.455136,512,30720,2,41,3,3
5,3,4,8,28,28,128,32,0.373856,0.455200,512,15360,2,40,3,3
5,4,2,8,28,28,128,32,0.252992,0.456288,512,21504,2,46,3,3
5,4,4,8,28,28,128,32,0.349184,0.454080,512,10752,2,46,3,3
5,5,2,8,28,28,128,32,0.246592,0.454752,512,18432,2,48,3,3
5,5,4,8,28,28,128,32,0.354656,0.454656,512,9216,2,48,3,3
5,6,2,8,28,28,128,32,0.246688,0.454240,512,15360,2,54,3,3
5,6,4,8,28,28,128,32,0.353152,0.455648,512,7680,2,54,3,3
5,7,2,8,28,28,128,32,0.263648,0.456064,512,12288,2,64,3,3
5,7,4,8,28,28,128,32,0.350240,0.455392,512,6144,2,64,3,3
6,2,2,8,28,28,128,32,0.289216,0.454176,512,35840,2,37,3,3
6,2,4,8,28,28,128,32,0.382272,0.456128,512,17920,2,37,3,3
6,3,2,8,28,28,128,32,0.268512,0.454560,512,25600,2,43,3,3
6,3,4,8,28,28,128,32,0.368544,0.455200,512,12800,2,43,3,3
6,4,2,8,28,28,128,32,0.246240,0.454944,512,17920,2,47,3,3
6,4,4,8,28,28,128,32,0.350208,0.454880,512,8960,2,47,3,3
6,5,2,8,28,28,128,32,0.249312,0.455424,512,15360,2,54,3,3
6,5,4,8,28,28,128,32,0.351200,0.455520,512,7680,2,54,3,3
6,6,2,8,28,28,128,32,0.269536,0.454400,512,12800,2,64,3,3
6,6,4,8,28,28,128,32,0.346784,0.455776,512,6400,2,64,3,3
6,7,2,8,28,28,128,32,0.277056,0.454368,512,10240,2,62,3,3
6,7,4,8,28,28,128,32,0.352992,0.454368,512,5120,2,61,3,3
7,2,2,8,28,28,128,32,0.272480,0.454592,512,28672,2,38,3,3
7,2,4,8,28,28,128,32,0.370272,0.455648,512,14336,2,37,3,3
7,3,2,8,28,28,128,32,0.254144,0.454432,512,20480,2,46,3,3
7,3,4,8,28,28,128,32,0.358016,0.455008,512,10240,2,46,3,3
7,4,2,8,28,28,128,32,0.237184,0.455040,512,14336,2,52,3,3
7,4,4,8,28,28,128,32,0.346752,0.455840,512,7168,2,52,3,3
7,5,2,8,28,28,128,32,0.262592,0.454688,512,12288,2,62,3,3
7,5,4,8,28,28,128,32,0.350272,0.454016,512,6144,2,62,3,3
7,6,2,8,28,28,128,32,0.279968,0.454496,512,10240,2,62,3,3
7,6,4,8,28,28,128,32,0.354336,0.456256,512,5120,2,61,3,3
7,7,2,8,28,28,128,32,0.304544,0.454784,512,8192,1,70,3,3
7,7,4,8,28,28,128,32,0.368032,0.454432,512,4096,1,70,3,3
2,2,2,8,56,56,128,32,1.723808,1.614624,512,401408,2,39,3,3
2,2,4,8,56,56,128,32,1.889440,1.614496,512,200704,2,41,3,3
2,3,2,8,56,56,128,32,1.444416,1.615072,512,272384,2,39,3,3
2,3,4,8,56,56,128,32,1.673824,1.615584,512,136192,2,39,3,3
2,4,2,8,56,56,128,32,1.272736,1.615328,512,200704,2,38,3,3
2,4,4,8,56,56,128,32,1.558144,1.614560,512,100352,2,38,3,3
2,5,2,8,56,56,128,32,1.203392,1.614400,512,172032,2,39,3,3
2,5,4,8,56,56,128,32,1.515392,1.622784,512,86016,2,39,3,3
2,6,2,8,56,56,128,32,1.131040,1.614848,512,143360,2,35,3,3
2,6,4,8,56,56,128,32,1.472640,1.614816,512,71680,2,35,3,3
2,7,2,8,56,56,128,32,1.072256,1.615552,512,114688,2,37,3,3
2,7,4,8,56,56,128,32,1.435264,1.615680,512,57344,2,37,3,3
3,2,2,8,56,56,128,32,1.436416,1.614272,512,272384,2,39,3,3
3,2,4,8,56,56,128,32,1.674368,1.615168,512,136192,2,39,3,3
3,3,2,8,56,56,128,32,1.216800,1.615488,512,184832,2,41,3,3
3,3,4,8,56,56,128,32,1.524736,1.615360,512,92416,2,41,3,3
3,4,2,8,56,56,128,32,1.081440,1.615776,512,136192,2,39,3,3
3,4,4,8,56,56,128,32,1.436128,1.615392,512,68096,2,39,3,3
3,5,2,8,56,56,128,32,1.051008,1.615008,512,116736,2,41,3,3
3,5,4,8,56,56,128,32,1.407936,1.616352,512,58368,2,40,3,3
3,6,2,8,56,56,128,32,1.007424,1.617184,512,97280,2,47,3,3
3,6,4,8,56,56,128,32,1.389504,1.614912,512,48640,2,47,3,3
3,7,2,8,56,56,128,32,0.956416,1.615616,512,77824,2,46,3,3
3,7,4,8,56,56,128,32,1.353184,1.614048,512,38912,2,46,3,3
4,2,2,8,56,56,128,32,1.273280,1.614816,512,200704,2,38,3,3
4,2,4,8,56,56,128,32,1.557664,1.615456,512,100352,2,38,3,3
4,3,2,8,56,56,128,32,1.080736,1.614784,512,136192,2,37,3,3
4,3,4,8,56,56,128,32,1.434688,1.614880,512,68096,2,37,3,3
4,4,2,8,56,56,128,32,0.984704,1.615328,512,100352,2,45,3,3
4,4,4,8,56,56,128,32,1.361856,1.615136,512,50176,2,45,3,3
4,5,2,8,56,56,128,32,0.966720,1.613760,512,86016,2,47,3,3
4,5,4,8,56,56,128,32,1.360192,1.615360,512,43008,2,45,3,3
4,6,2,8,56,56,128,32,0.953792,1.615552,512,71680,2,47,3,3
4,6,4,8,56,56,128,32,1.330176,1.615200,512,35840,2,47,3,3
4,7,2,8,56,56,128,32,0.901440,1.614912,512,57344,2,50,3,3
4,7,4,8,56,56,128,32,1.309152,1.615264,512,28672,2,50,3,3
5,2,2,8,56,56,128,32,1.205184,1.613504,512,172032,2,39,3,3
5,2,4,8,56,56,128,32,1.516928,1.615360,512,86016,2,39,3,3
5,3,2,8,56,56,128,32,1.054336,1.615840,512,116736,2,41,3,3
5,3,4,8,56,56,128,32,1.408512,1.615136,512,58368,2,40,3,3
5,4,2,8,56,56,128,32,0.971456,1.615808,512,86016,2,47,3,3
5,4,4,8,56,56,128,32,1.356768,1.617056,512,43008,2,47,3,3
5,5,2,8,56,56,128,32,0.967616,1.619744,512,73728,2,48,3,3
5,5,4,8,56,56,128,32,1.354560,1.616928,512,36864,2,48,3,3
5,6,2,8,56,56,128,32,0.939552,1.615328,512,61440,2,54,3,3
5,6,4,8,56,56,128,32,1.317952,1.615136,512,30720,2,54,3,3
5,7,2,8,56,56,128,32,0.985440,1.615552,512,49152,2,64,3,3
5,7,4,8,56,56,128,32,1.296064,1.614784,512,24576,2,64,3,3
6,2,2,8,56,56,128,32,1.132448,1.615936,512,143360,2,34,3,3
6,2,4,8,56,56,128,32,1.480672,1.622016,512,71680,2,35,3,3
6,3,2,8,56,56,128,32,1.013504,1.614944,512,97280,2,43,3,3
6,3,4,8,56,56,128,32,1.388768,1.615680,512,48640,2,43,3,3
6,4,2,8,56,56,128,32,0.940864,1.615200,512,71680,2,47,3,3
6,4,4,8,56,56,128,32,1.341760,1.615776,512,35840,2,47,3,3
6,5,2,8,56,56,128,32,0.937664,1.614688,512,61440,2,52,3,3
6,5,4,8,56,56,128,32,1.317408,1.616704,512,30720,2,52,3,3
6,6,2,8,56,56,128,32,0.995072,1.615264,512,51200,2,64,3,3
6,6,4,8,56,56,128,32,1.301472,1.614784,512,25600,2,64,3,3
6,7,2,8,56,56,128,32,1.001312,1.614944,512,40960,2,62,3,3
6,7,4,8,56,56,128,32,1.281824,1.622144,512,20480,2,61,3,3
7,2,2,8,56,56,128,32,1.066368,1.615680,512,114688,2,36,3,3
7,2,4,8,56,56,128,32,1.427360,1.614752,512,57344,2,36,3,3
7,3,2,8,56,56,128,32,0.956544,1.615072,512,77824,2,46,3,3
7,3,4,8,56,56,128,32,1.350016,1.615200,512,38912,2,47,3,3
7,4,2,8,56,56,128,32,0.898784,1.615904,512,57344,2,52,3,3
7,4,4,8,56,56,128,32,1.304192,1.615872,512,28672,2,52,3,3
7,5,2,8,56,56,128,32,0.971328,1.614464,512,49152,2,62,3,3
7,5,4,8,56,56,128,32,1.290496,1.615168,512,24576,2,62,3,3
7,6,2,8,56,56,128,32,1.023008,1.616352,512,40960,2,62,3,3
7,6,4,8,56,56,128,32,1.269280,1.615968,512,20480,2,61,3,3
7,7,2,8,56,56,128,32,1.128224,1.615040,512,32768,1,70,3,3
7,7,4,8,56,56,128,32,1.375008,1.614752,512,16384,1,70,3,3
2,2,2,16,28,28,128,32,0.851040,0.688416,512,200704,2,39,3,3
2,2,4,16,28,28,128,32,0.940480,0.686816,512,100352,2,41,3,3
2,3,2,16,28,28,128,32,0.737856,0.682560,512,143360,2,39,3,3
2,3,4,16,28,28,128,32,0.852640,0.682336,512,71680,2,39,3,3
2,4,2,16,28,28,128,32,0.633248,0.682432,512,100352,2,39,3,3
2,4,4,16,28,28,128,32,0.768544,0.687360,512,50176,2,39,3,3
2,5,2,16,28,28,128,32,0.595552,0.686112,512,86016,2,39,3,3
2,5,4,16,28,28,128,32,0.750528,0.688160,512,43008,2,39,3,3
2,6,2,16,28,28,128,32,0.552032,0.686208,512,71680,2,35,3,3
2,6,4,16,28,28,128,32,0.730112,0.687392,512,35840,2,35,3,3
2,7,2,16,28,28,128,32,0.522304,0.685376,512,57344,2,37,3,3
2,7,4,16,28,28,128,32,0.708672,0.688704,512,28672,2,37,3,3
3,2,2,16,28,28,128,32,0.738656,0.685920,512,143360,2,39,3,3
3,2,4,16,28,28,128,32,0.857120,0.687488,512,71680,2,39,3,3
3,3,2,16,28,28,128,32,0.630976,0.686816,512,102400,2,41,3,3
3,3,4,16,28,28,128,32,0.787264,0.682176,512,51200,2,41,3,3
3,4,2,16,28,28,128,32,0.545280,0.688544,512,71680,2,38,3,3
3,4,4,16,28,28,128,32,0.721344,0.689120,512,35840,2,38,3,3
3,5,2,16,28,28,128,32,0.529216,0.683456,512,61440,2,41,3,3
3,5,4,16,28,28,128,32,0.710624,0.683072,512,30720,2,40,3,3
3,6,2,16,28,28,128,32,0.513248,0.688096,512,51200,2,47,3,3
3,6,4,16,28,28,128,32,0.702016,0.683648,512,25600,2,47,3,3
3,7,2,16,28,28,128,32,0.482400,0.681920,512,40960,2,46,3,3
3,7,4,16,28,28,128,32,0.683584,0.686848,512,20480,2,46,3,3
4,2,2,16,28,28,128,32,0.633280,0.682944,512,100352,2,38,3,3
4,2,4,16,28,28,128,32,0.769280,0.688288,512,50176,2,38,3,3
4,3,2,16,28,28,128,32,0.545568,0.690528,512,71680,2,37,3,3
4,3,4,16,28,28,128,32,0.717664,0.686688,512,35840,2,37,3,3
4,4,2,16,28,28,128,32,0.486976,0.683680,512,50176,2,42,3,3
4,4,4,16,28,28,128,32,0.678368,0.688384,512,25088,2,42,3,3
4,5,2,16,28,28,128,32,0.476736,0.686336,512,43008,2,47,3,3
4,5,4,16,28,28,128,32,0.673312,0.685888,512,21504,2,45,3,3
4,6,2,16,28,28,128,32,0.462400,0.687936,512,35840,2,47,3,3
4,6,4,16,28,28,128,32,0.670592,0.687232,512,17920,2,47,3,3
4,7,2,16,28,28,128,32,0.450368,0.687744,512,28672,2,50,3,3
4,7,4,16,28,28,128,32,0.663584,0.682048,512,14336,2,50,3,3
5,2,2,16,28,28,128,32,0.598528,0.690240,512,86016,2,39,3,3
5,2,4,16,28,28,128,32,0.751808,0.685312,512,43008,2,39,3,3
5,3,2,16,28,28,128,32,0.526784,0.688960,512,61440,2,41,3,3
5,3,4,16,28,28,128,32,0.712352,0.685312,512,30720,2,40,3,3
5,4,2,16,28,28,128,32,0.478784,0.685088,512,43008,2,46,3,3
5,4,4,16,28,28,128,32,0.674656,0.687488,512,21504,2,46,3,3
5,5,2,16,28,28,128,32,0.469856,0.691552,512,36864,2,48,3,3
5,5,4,16,28,28,128,32,0.671008,0.682656,512,18432,2,48,3,3
5,6,2,16,28,28,128,32,0.468480,0.683648,512,30720,2,54,3,3
5,6,4,16,28,28,128,32,0.664768,0.683200,512,15360,2,54,3,3
5,7,2,16,28,28,128,32,0.504928,0.683008,512,24576,2,64,3,3
5,7,4,16,28,28,128,32,0.670368,0.682400,512,12288,2,64,3,3
6,2,2,16,28,28,128,32,0.554016,0.683008,512,71680,2,37,3,3
6,2,4,16,28,28,128,32,0.731168,0.687232,512,35840,2,37,3,3
6,3,2,16,28,28,128,32,0.509056,0.681440,512,51200,2,43,3,3
6,3,4,16,28,28,128,32,0.700608,0.683296,512,25600,2,43,3,3
6,4,2,16,28,28,128,32,0.464416,0.687872,512,35840,2,47,3,3
6,4,4,16,28,28,128,32,0.668672,0.685696,512,17920,2,47,3,3
6,5,2,16,28,28,128,32,0.472992,0.688960,512,30720,2,54,3,3
6,5,4,16,28,28,128,32,0.670016,0.685664,512,15360,2,54,3,3
6,6,2,16,28,28,128,32,0.517056,0.688928,512,25600,2,64,3,3
6,6,4,16,28,28,128,32,0.664160,0.686944,512,12800,2,64,3,3
6,7,2,16,28,28,128,32,0.529440,0.682304,512,20480,2,62,3,3
6,7,4,16,28,28,128,32,0.674624,0.689696,512,10240,2,61,3,3
7,2,2,16,28,28,128,32,0.523744,0.688096,512,57344,2,38,3,3
7,2,4,16,28,28,128,32,0.708864,0.686464,512,28672,2,37,3,3
7,3,2,16,28,28,128,32,0.485536,0.687168,512,40960,2,46,3,3
7,3,4,16,28,28,128,32,0.676736,0.685216,512,20480,2,46,3,3
7,4,2,16,28,28,128,32,0.451104,0.687680,512,28672,2,52,3,3
7,4,4,16,28,28,128,32,0.664992,0.688384,512,14336,2,52,3,3
7,5,2,16,28,28,128,32,0.504224,0.684384,512,24576,2,62,3,3
7,5,4,16,28,28,128,32,0.669856,0.685376,512,12288,2,62,3,3
7,6,2,16,28,28,128,32,0.533728,0.687296,512,20480,2,62,3,3
7,6,4,16,28,28,128,32,0.674368,0.687840,512,10240,2,61,3,3
7,7,2,16,28,28,128,32,0.571360,0.685600,512,16384,1,70,3,3
7,7,4,16,28,28,128,32,0.715872,0.688064,512,8192,1,70,3,3
2,2,2,16,56,56,128,32,4.018976,3.203296,512,802816,2,39,3,3
2,2,4,16,56,56,128,32,3.769440,3.213824,512,401408,2,41,3,3
2,3,2,16,56,56,128,32,3.601760,3.202208,512,544768,2,39,3,3
2,3,4,16,56,56,128,32,3.330272,3.213248,512,272384,2,39,3,3
2,4,2,16,56,56,128,32,3.336608,3.212672,512,401408,2,38,3,3
2,4,4,16,56,56,128,32,3.093472,3.202016,512,200704,2,38,3,3
2,5,2,16,56,56,128,32,3.220128,3.203936,512,344064,2,39,3,3
2,5,4,16,56,56,128,32,3.011456,3.203968,512,172032,2,39,3,3
2,6,2,16,56,56,128,32,3.081184,3.214176,512,286720,2,35,3,3
2,6,4,16,56,56,128,32,2.923904,3.204000,512,143360,2,35,3,3
2,7,2,16,56,56,128,32,2.930880,3.203424,512,229376,2,37,3,3
2,7,4,16,56,56,128,32,2.844736,3.213664,512,114688,2,37,3,3
3,2,2,16,56,56,128,32,3.575680,3.202208,512,544768,2,39,3,3
3,2,4,16,56,56,128,32,3.330080,3.213600,512,272384,2,39,3,3
3,3,2,16,56,56,128,32,3.203776,3.203200,512,369664,2,41,3,3
3,3,4,16,56,56,128,32,3.026336,3.201952,512,184832,2,41,3,3
3,4,2,16,56,56,128,32,2.957344,3.212384,512,272384,2,39,3,3
3,4,4,16,56,56,128,32,2.852576,3.202304,512,136192,2,39,3,3
3,5,2,16,56,56,128,32,2.843040,3.203488,512,233472,2,41,3,3
3,5,4,16,56,56,128,32,2.793984,3.200448,512,116736,2,40,3,3
3,6,2,16,56,56,128,32,2.669504,3.200448,512,194560,2,47,3,3
3,6,4,16,56,56,128,32,2.720800,3.202560,512,97280,2,47,3,3
3,7,2,16,56,56,128,32,2.457792,3.212000,512,155648,2,46,3,3
3,7,4,16,56,56,128,32,2.654432,3.212480,512,77824,2,46,3,3
4,2,2,16,56,56,128,32,3.335072,3.202464,512,401408,2,38,3,3
4,2,4,16,56,56,128,32,3.092032,3.202560,512,200704,2,38,3,3
4,3,2,16,56,56,128,32,2.972704,3.213056,512,272384,2,37,3,3
4,3,4,16,56,56,128,32,2.850560,3.215360,512,136192,2,37,3,3
4,4,2,16,56,56,128,32,2.701312,3.203168,512,200704,2,45,3,3
4,4,4,16,56,56,128,32,2.703136,3.212416,512,100352,2,45,3,3
4,5,2,16,56,56,128,32,2.534144,3.200672,512,172032,2,47,3,3
4,5,4,16,56,56,128,32,2.659936,3.204672,512,86016,2,45,3,3
4,6,2,16,56,56,128,32,2.373280,3.202336,512,143360,2,47,3,3
4,6,4,16,56,56,128,32,2.609248,3.210560,512,71680,2,47,3,3
4,7,2,16,56,56,128,32,2.112704,3.202432,512,114688,2,50,3,3
4,7,4,16,56,56,128,32,2.553600,3.211872,512,57344,2,50,3,3
5,2,2,16,56,56,128,32,3.103488,3.203680,512,344064,2,39,3,3
5,2,4,16,56,56,128,32,3.020064,3.214176,512,172032,2,39,3,3
5,3,2,16,56,56,128,32,2.765344,3.202720,512,233472,2,41,3,3
5,3,4,16,56,56,128,32,2.800224,3.213088,512,116736,2,40,3,3
5,4,2,16,56,56,128,32,2.469824,3.200640,512,172032,2,47,3,3
5,4,4,16,56,56,128,32,2.668160,3.212416,512,86016,2,47,3,3
5,5,2,16,56,56,128,32,2.357824,3.201888,512,147456,2,48,3,3
5,5,4,16,56,56,128,32,2.639968,3.212640,512,73728,2,48,3,3
5,6,2,16,56,56,128,32,2.157344,3.214080,512,122880,2,54,3,3
5,6,4,16,56,56,128,32,2.574688,3.211744,512,61440,2,54,3,3
5,7,2,16,56,56,128,32,2.099456,3.201440,512,98304,2,64,3,3
5,7,4,16,56,56,128,32,2.519008,3.202720,512,49152,2,64,3,3
6,2,2,16,56,56,128,32,2.997728,3.201856,512,286720,2,34,3,3
6,2,4,16,56,56,128,32,2.935648,3.202240,512,143360,2,35,3,3
6,3,2,16,56,56,128,32,2.552064,3.211872,512,194560,2,43,3,3
6,3,4,16,56,56,128,32,2.740288,3.210560,512,97280,2,43,3,3
6,4,2,16,56,56,128,32,2.282560,3.203712,512,143360,2,47,3,3
6,4,4,16,56,56,128,32,2.619776,3.206016,512,71680,2,47,3,3
6,5,2,16,56,56,128,32,2.169344,3.202912,512,122880,2,52,3,3
6,5,4,16,56,56,128,32,2.575232,3.214912,512,61440,2,52,3,3
6,6,2,16,56,56,128,32,2.110848,3.203968,512,102400,2,64,3,3
6,6,4,16,56,56,128,32,2.526816,3.202592,512,51200,2,64,3,3
6,7,2,16,56,56,128,32,2.033248,3.212384,512,81920,2,62,3,3
6,7,4,16,56,56,128,32,2.499936,3.203744,512,40960,2,61,3,3
7,2,2,16,56,56,128,32,2.930880,3.202176,512,229376,2,36,3,3
7,2,4,16,56,56,128,32,2.829056,3.203072,512,114688,2,36,3,3
7,3,2,16,56,56,128,32,2.487904,3.211872,512,155648,2,46,3,3
7,3,4,16,56,56,128,32,2.648448,3.202432,512,77824,2,47,3,3
7,4,2,16,56,56,128,32,2.108320,3.213664,512,114688,2,52,3,3
7,4,4,16,56,56,128,32,2.549728,3.212512,512,57344,2,52,3,3
7,5,2,16,56,56,128,32,2.135680,3.213312,512,98304,2,62,3,3
7,5,4,16,56,56,128,32,2.516320,3.211424,512,49152,2,62,3,3
7,6,2,16,56,56,128,32,2.023040,3.201664,512,81920,2,62,3,3
7,6,4,16,56,56,128,32,2.489536,3.203200,512,40960,2,61,3,3
7,7,2,16,56,56,128,32,2.468992,3.212768,512,65536,1,70,3,3
7,7,4,16,56,56,128,32,2.955520,3.201568,512,32768,1,70,3,3
2,2,2,32,28,28,128,32,1.690592,1.139456,512,401408,2,39,3,3
2,2,4,32,28,28,128,32,1.846880,1.141824,512,200704,2,41,3,3
2,3,2,32,28,28,128,32,1.463008,1.140480,512,286720,2,39,3,3
2,3,4,32,28,28,128,32,1.665312,1.137024,512,143360,2,39,3,3
2,4,2,32,28,28,128,32,1.249152,1.141504,512,200704,2,39,3,3
2,4,4,32,28,28,128,32,1.516480,1.138400,512,100352,2,39,3,3
2,5,2,32,28,28,128,32,1.174336,1.134464,512,172032,2,39,3,3
2,5,4,32,28,28,128,32,1.479424,1.133568,512,86016,2,39,3,3
2,6,2,32,28,28,128,32,1.102112,1.138592,512,143360,2,35,3,3
2,6,4,32,28,28,128,32,1.436864,1.134272,512,71680,2,35,3,3
2,7,2,32,28,28,128,32,1.039648,1.138368,512,114688,2,37,3,3
2,7,4,32,28,28,128,32,1.391296,1.133824,512,57344,2,37,3,3
3,2,2,32,28,28,128,32,1.462528,1.140864,512,286720,2,39,3,3
3,2,4,32,28,28,128,32,1.666336,1.138176,512,143360,2,39,3,3
3,3,2,32,28,28,128,32,1.255008,1.137760,512,204800,2,41,3,3
3,3,4,32,28,28,128,32,1.531840,1.137600,512,102400,2,41,3,3
3,4,2,32,28,28,128,32,1.082112,1.137024,512,143360,2,38,3,3
3,4,4,32,28,28,128,32,1.415520,1.136448,512,71680,2,38,3,3
3,5,2,32,28,28,128,32,1.047040,1.135584,512,122880,2,41,3,3
3,5,4,32,28,28,128,32,1.393760,1.136416,512,61440,2,40,3,3
3,6,2,32,28,28,128,32,1.011616,1.133696,512,102400,2,47,3,3
3,6,4,32,28,28,128,32,1.377056,1.137568,512,51200,2,47,3,3
3,7,2,32,28,28,128,32,0.957056,1.141504,512,81920,2,46,3,3
3,7,4,32,28,28,128,32,1.334336,1.142304,512,40960,2,46,3,3
4,2,2,32,28,28,128,32,1.246752,1.141696,512,200704,2,38,3,3
4,2,4,32,28,28,128,32,1.520128,1.140576,512,100352,2,38,3,3
4,3,2,32,28,28,128,32,1.083392,1.141856,512,143360,2,37,3,3
4,3,4,32,28,28,128,32,1.412128,1.137536,512,71680,2,37,3,3
4,4,2,32,28,28,128,32,0.962592,1.134336,512,100352,2,42,3,3
4,4,4,32,28,28,128,32,1.325728,1.134016,512,50176,2,42,3,3
4,5,2,32,28,28,128,32,0.942752,1.137888,512,86016,2,47,3,3
4,5,4,32,28,28,128,32,1.329376,1.140352,512,43008,2,45,3,3
4,6,2,32,28,28,128,32,0.917248,1.134752,512,71680,2,47,3,3
4,6,4,32,28,28,128,32,1.298912,1.134368,512,35840,2,47,3,3
4,7,2,32,28,28,128,32,0.885152,1.138592,512,57344,2,50,3,3
4,7,4,32,28,28,128,32,1.283904,1.138400,512,28672,2,50,3,3
5,2,2,32,28,28,128,32,1.177600,1.139296,512,172032,2,39,3,3
5,2,4,32,28,28,128,32,1.482080,1.142112,512,86016,2,39,3,3
5,3,2,32,28,28,128,32,1.047264,1.136864,512,122880,2,41,3,3
5,3,4,32,28,28,128,32,1.395744,1.140736,512,61440,2,40,3,3
5,4,2,32,28,28,128,32,0.947040,1.140864,512,86016,2,46,3,3
5,4,4,32,28,28,128,32,1.324640,1.140928,512,43008,2,46,3,3
5,5,2,32,28,28,128,32,0.931488,1.140544,512,73728,2,48,3,3
5,5,4,32,28,28,128,32,1.318816,1.137856,512,36864,2,48,3,3
5,6,2,32,28,28,128,32,0.925472,1.137248,512,61440,2,54,3,3
5,6,4,32,28,28,128,32,1.296864,1.138432,512,30720,2,54,3,3
5,7,2,32,28,28,128,32,0.988320,1.137760,512,49152,2,64,3,3
5,7,4,32,28,28,128,32,1.284800,1.135296,512,24576,2,64,3,3
6,2,2,32,28,28,128,32,1.102432,1.139552,512,143360,2,37,3,3
6,2,4,32,28,28,128,32,1.437088,1.138848,512,71680,2,37,3,3
6,3,2,32,28,28,128,32,1.006976,1.138240,512,102400,2,43,3,3
6,3,4,32,28,28,128,32,1.374112,1.138304,512,51200,2,43,3,3
6,4,2,32,28,28,128,32,0.918048,1.140800,512,71680,2,47,3,3
6,4,4,32,28,28,128,32,1.305216,1.134272,512,35840,2,47,3,3
6,5,2,32,28,28,128,32,0.931648,1.137696,512,61440,2,54,3,3
6,5,4,32,28,28,128,32,1.300384,1.139680,512,30720,2,54,3,3
6,6,2,32,28,28,128,32,1.011392,1.137536,512,51200,2,64,3,3
6,6,4,32,28,28,128,32,1.295296,1.142592,512,25600,2,64,3,3
6,7,2,32,28,28,128,32,1.036128,1.139456,512,40960,2,62,3,3
6,7,4,32,28,28,128,32,1.277824,1.140704,512,20480,2,61,3,3
7,2,2,32,28,28,128,32,1.039008,1.137792,512,114688,2,38,3,3
7,2,4,32,28,28,128,32,1.391744,1.139200,512,57344,2,37,3,3
7,3,2,32,28,28,128,32,0.952032,1.137760,512,81920,2,46,3,3
7,3,4,32,28,28,128,32,1.329312,1.137888,512,40960,2,46,3,3
7,4,2,32,28,28,128,32,0.882208,1.139936,512,57344,2,52,3,3
7,4,4,32,28,28,128,32,1.281504,1.131776,512,28672,2,52,3,3
7,5,2,32,28,28,128,32,0.994592,1.133856,512,49152,2,62,3,3
7,5,4,32,28,28,128,32,1.287488,1.133504,512,24576,2,62,3,3
7,6,2,32,28,28,128,32,1.043936,1.136448,512,40960,2,62,3,3
7,6,4,32,28,28,128,32,1.273504,1.137344,512,20480,2,61,3,3
7,7,2,32,28,28,128,32,1.139648,1.141472,512,32768,1,70,3,3
7,7,4,32,28,28,128,32,1.376160,1.133152,512,16384,1,70,3,3
2,2,2,32,56,56,128,32,7.963136,6.252864,512,1605632,2,39,3,3
2,2,4,32,56,56,128,32,7.443968,6.265504,512,802816,2,41,3,3
2,3,2,32,56,56,128,32,7.144128,6.256352,512,1089536,2,39,3,3
2,3,4,32,56,56,128,32,6.576960,6.281440,512,544768,2,39,3,3
2,4,2,32,56,56,128,32,6.653024,6.264224,512,802816,2,38,3,3
2,4,4,32,56,56,128,32,6.104224,6.316544,512,401408,2,38,3,3
2,5,2,32,56,56,128,32,6.438144,6.304288,512,688128,2,39,3,3
2,5,4,32,56,56,128,32,5.927168,6.259648,512,344064,2,39,3,3
2,6,2,32,56,56,128,32,6.159968,6.258976,512,573440,2,35,3,3
2,6,4,32,56,56,128,32,5.770624,6.260448,512,286720,2,35,3,3
2,7,2,32,56,56,128,32,5.932128,6.265056,512,458752,2,37,3,3
2,7,4,32,56,56,128,32,5.592512,6.249920,512,229376,2,37,3,3
3,2,2,32,56,56,128,32,7.089248,6.316416,512,1089536,2,39,3,3
3,2,4,32,56,56,128,32,6.559456,6.253024,512,544768,2,39,3,3
3,3,2,32,56,56,128,32,6.417728,6.265472,512,739328,2,41,3,3
3,3,4,32,56,56,128,32,5.972160,6.314368,512,369664,2,41,3,3
3,4,2,32,56,56,128,32,5.939200,6.263744,512,544768,2,39,3,3
3,4,4,32,56,56,128,32,5.623680,6.281024,512,272384,2,39,3,3
3,5,2,32,56,56,128,32,5.824384,6.255168,512,466944,2,41,3,3
3,5,4,32,56,56,128,32,5.498240,6.316480,512,233472,2,40,3,3
3,6,2,32,56,56,128,32,5.469504,6.298816,512,389120,2,47,3,3
3,6,4,32,56,56,128,32,5.432704,6.264384,512,194560,2,47,3,3
3,7,2,32,56,56,128,32,5.037792,6.256224,512,311296,2,46,3,3
3,7,4,32,56,56,128,32,5.263104,6.252992,512,155648,2,46,3,3
4,2,2,32,56,56,128,32,6.643328,6.261184,512,802816,2,38,3,3
4,2,4,32,56,56,128,32,6.089408,6.262592,512,401408,2,38,3,3
4,3,2,32,56,56,128,32,5.987648,6.276992,512,544768,2,37,3,3
4,3,4,32,56,56,128,32,5.617376,6.272416,512,272384,2,37,3,3
4,4,2,32,56,56,128,32,5.444128,6.263744,512,401408,2,45,3,3
4,4,4,32,56,56,128,32,5.315712,6.260640,512,200704,2,45,3,3
4,5,2,32,56,56,128,32,5.226464,6.254656,512,344064,2,47,3,3
4,5,4,32,56,56,128,32,5.286816,6.248224,512,172032,2,45,3,3
4,6,2,32,56,56,128,32,4.957856,6.253696,512,286720,2,47,3,3
4,6,4,32,56,56,128,32,5.191584,6.244128,512,143360,2,47,3,3
4,7,2,32,56,56,128,32,4.601536,6.265824,512,229376,2,50,3,3
4,7,4,32,56,56,128,32,5.065888,6.298368,512,114688,2,50,3,3
5,2,2,32,56,56,128,32,6.222080,6.243584,512,688128,2,39,3,3
5,2,4,32,56,56,128,32,5.938368,6.266816,512,344064,2,39,3,3
5,3,2,32,56,56,128,32,5.677088,6.261120,512,466944,2,41,3,3
5,3,4,32,56,56,128,32,5.504960,6.247232,512,233472,2,40,3,3
5,4,2,32,56,56,128,32,5.082496,6.255744,512,344064,2,47,3,3
5,4,4,32,56,56,128,32,5.292032,6.259328,512,172032,2,47,3,3
5,5,2,32,56,56,128,32,4.916800,6.266944,512,294912,2,48,3,3
5,5,4,32,56,56,128,32,5.246208,6.252832,512,147456,2,48,3,3
5,6,2,32,56,56,128,32,4.688256,6.265824,512,245760,2,54,3,3
5,6,4,32,56,56,128,32,5.104992,6.259424,512,122880,2,54,3,3
5,7,2,32,56,56,128,32,4.595136,6.266592,512,196608,2,64,3,3
5,7,4,32,56,56,128,32,4.994816,6.245792,512,98304,2,64,3,3
6,2,2,32,56,56,128,32,5.988320,6.316704,512,573440,2,34,3,3
6,2,4,32,56,56,128,32,5.766048,6.268864,512,286720,2,35,3,3
6,3,2,32,56,56,128,32,5.379584,6.242848,512,389120,2,43,3,3
6,3,4,32,56,56,128,32,5.428608,6.260288,512,194560,2,43,3,3
6,4,2,32,56,56,128,32,4.839136,6.262144,512,286720,2,47,3,3
6,4,4,32,56,56,128,32,5.204128,6.264032,512,143360,2,47,3,3
6,5,2,32,56,56,128,32,4.653344,6.264224,512,245760,2,52,3,3
6,5,4,32,56,56,128,32,5.117536,6.317664,512,122880,2,52,3,3
6,6,2,32,56,56,128,32,4.675296,6.263840,512,204800,2,64,3,3
6,6,4,32,56,56,128,32,5.015968,6.264096,512,102400,2,64,3,3
6,7,2,32,56,56,128,32,4.539488,6.264640,512,163840,2,62,3,3
6,7,4,32,56,56,128,32,4.936448,6.252096,512,81920,2,61,3,3
7,2,2,32,56,56,128,32,5.907776,6.306624,512,458752,2,36,3,3
7,2,4,32,56,56,128,32,5.572864,6.255456,512,229376,2,36,3,3
7,3,2,32,56,56,128,32,5.109824,6.253824,512,311296,2,46,3,3
7,3,4,32,56,56,128,32,5.260576,6.318944,512,155648,2,47,3,3
7,4,2,32,56,56,128,32,4.586208,6.265280,512,229376,2,52,3,3
7,4,4,32,56,56,128,32,5.069952,6.265216,512,114688,2,52,3,3
7,5,2,32,56,56,128,32,4.594080,6.265024,512,196608,2,62,3,3
7,5,4,32,56,56,128,32,5.014432,6.260896,512,98304,2,62,3,3
7,6,2,32,56,56,128,32,4.580160,6.267264,512,163840,2,62,3,3
7,6,4,32,56,56,128,32,4.923712,6.318336,512,81920,2,61,3,3
7,7,2,32,56,56,128,32,5.569152,6.260448,512,131072,1,70,3,3
7,7,4,32,56,56,128,32,6.032480,6.262272,512,65536,1,70,3,3
